<?xml version="1.0" encoding="UTF-8" ?>
<extension type="package" version="3.0">
	<name>bundle</name>
	<packagename>bundle</packagename>
	<version>1.9.2</version>
	<description>
		<![CDATA[
			<p>This package installs the following Joomla extensions:</p>
			<ul>
				<li>Package Kunena</li>
				<li>Package SocialLogin and SocialShare</li>
				<li>Component JoomGallery</li>
				<li>Module Newsflash Advanced</li>
				<li>Module Articles Single</li>
				<li>Module Superfish Menu</li>
				<li>Module Image Swoop</li>
				<li>Module Recent templates (admin panel)</li>
				<li>Module TM Ajax Contact Form</li>
				<li>Plugin Google Map</li>
				<li>Plugin AddThis</li>
				<li>Plugin TM Lazy Load</li>
				<li>Plugin EUCookieDirectiveLite</li>
				<li>Plugin JoomFancybox</li>
			</ul>
		]]>
	</description>

	<files folder="packages">
		<file type="package" id="pkg_kunena">pkg_kunena_v3.0.6_custom.zip</file> 
		<file type="package" id="com_socialloginandsocialshare">social-login-and-social-share-module.zip</file> 
		<file type="package" id="com_joomgallery">joomgallery-3.2.0.zip</file> 
		<file type="module" id="mod_articles_single" client="site">mod_articles_single_v1.2.2.zip</file>
		<file type="module" id="mod_articles_news_adv" client="site">mod_articles_news_adv_j3_v1.5.4.zip</file>
		<file type="module" id="mod_image_swoop" client="site">mod_image_swoop_j3_v1.2.4.zip</file>
		<file type="module" id="mod_superfish_menu" client="site">mod_superfish_menu_v3.3.8.zip</file> 
		<file type="module" id="mod_tm_templates" client="administrator">mod_tm_templates_j3_v1.0.0.zip</file> 
		<file type="module" id="mod_tm_ajax_contact_form" client="site">mod_tm_ajax_contact_form_v.1.0.0.zip</file> 
		<file type="plugin" id="plg_editors_acyeditor" group="editors">plg_editors_acyeditor.zip</file>
		<file type="plugin" id="plg_system_regacymailing" group="system">plg_system_regacymailing.zip</file>  
		<file type="plugin" id="plg_joomfancybox" group="joomgallery">plg_joomfancybox_v1_1.zip</file>
		<file type="plugin" id="plg_tmaddthis" group="content">plg_tmaddthis_v1.0.7.zip</file>
		<file type="plugin" id="plugin_googlemap" group="system">plugin_googlemap_J25_J3x.v3.2.zip</file>  
		<file type="plugin" id="plg_tmlazyload" group="system">plg_tmlazyload_v1.1.4.zip</file> 
		<file type="plugin" id="EUCookieDirectiveLite" group="system">EUCookieDirectiveLite_j30.zip</file> 
	 </files>
 </extension>